date,load
,MW
2015-07-01,1813988
2015-07-02,1862617
2015-07-03,1760535
2015-07-04,1693576
2015-07-05,1786432
2015-07-06,2055826
2015-07-07,1983981
2015-07-08,1877701
2015-07-09,1948817
2015-07-10,2007527
2015-07-11,1951082
2015-07-12,2038101
2015-07-13,2262860
2015-07-14,2264737
2015-07-15,2116592
2015-07-16,2109856
2015-07-17,2274268
2015-07-18,2199838
2015-07-19,2102152
2015-07-20,2214306
2015-07-21,2164687
2015-07-22,2120343
2015-07-23,2195672
2015-07-24,2245710
2015-07-25,2159228
2015-07-26,2094398
2015-07-27,2332248
2015-07-28,2376842
2015-07-29,2347189
2015-07-30,2236183
2015-07-31,2187850
2015-08-01,2008125
2015-08-02,2069681
2015-08-03,2165453
2015-08-04,2123882
2015-08-05,2111184
2015-08-06,2094531
2015-08-07,2122480
2015-08-08,2010436
2015-08-09,2001555
2015-08-10,2215815
2015-08-11,2162154
2015-08-12,2119792
2015-08-13,2170109
2015-08-14,2236651
2015-08-15,2114304
2015-08-16,2065984
2015-08-17,2185981
2015-08-18,2125435
2015-08-19,2011394
2015-08-20,1887629
2015-08-21,1904720
2015-08-22,1818600
2015-08-23,1783927
2015-08-24,1892399
2015-08-25,1841748
2015-08-26,1832618
2015-08-27,1853013
2015-08-28,1873588
2015-08-29,1793285
2015-08-30,1850754
2015-08-31,2116525
2015-09-01,2226617
2015-09-02,2254032
2015-09-03,2249934
2015-09-04,2209747
2015-09-05,2052801
2015-09-06,2047976
2015-09-07,2037597
2015-09-08,2153206
2015-09-09,1989532
2015-09-10,1926687
2015-09-11,1766460
2015-09-12,1571605
2015-09-13,1504735
2015-09-14,1757511
2015-09-15,1899067
2015-09-16,1976240
2015-09-17,2021285
2015-09-18,1954617
2015-09-19,1727405
2015-09-20,1613407
2015-09-21,1792182
2015-09-22,1831663
2015-09-23,1852635
2015-09-24,1866668
2015-09-25,1851233
2015-09-26,1681444
2015-09-27,1645823
2015-09-28,1880352
2015-09-29,1832268
2015-09-30,1746620
2015-10-01,1686413
2015-10-02,1628950
2015-10-03,1505888
2015-10-04,1471413
2015-10-05,1679216
2015-10-06,1744609
2015-10-07,1764115
2015-10-08,1781763
2015-10-09,1718460
2015-10-10,1543497
2015-10-11,1520308
2015-10-12,1717694
2015-10-13,1715060
2015-10-14,1689657
2015-10-15,1705084
2015-10-16,1677524
2015-10-17,1547254
2015-10-18,1506734
2015-10-19,1668774
2015-10-20,1688486
2015-10-21,1719963
2015-10-22,1679471
2015-10-23,1651416
2015-10-24,1518013
2015-10-25,1439557
2015-10-26,1613079
2015-10-27,1625373
2015-10-28,1638885
2015-10-29,1647405
2015-10-30,1609885
2015-10-31,1503993
2015-11-01,1487345
2015-11-02,1596421
2015-11-03,1614838
2015-11-04,1626112
2015-11-05,1652679
2015-11-06,1634633
2015-11-07,1505764
2015-11-08,1470946
2015-11-09,1631913
2015-11-10,1638755
2015-11-11,1644227
2015-11-12,1642074
2015-11-13,1635592
2015-11-14,1521110
2015-11-15,1453404
2015-11-16,1622582
2015-11-17,1665067
2015-11-18,1636270
2015-11-19,1666615
2015-11-20,1684516
2015-11-21,1620666
2015-11-22,1653783
2015-11-23,1774735
2015-11-24,1732751
2015-11-25,1667571
2015-11-26,1429937
2015-11-27,1481095
2015-11-28,1546306
2015-11-29,1582920
2015-11-30,1724759
2015-12-01,1726012
2015-12-02,1771924
2015-12-03,1797351
2015-12-04,1783984
2015-12-05,1665172
2015-12-06,1613389
2015-12-07,1740537
2015-12-08,1740346
2015-12-09,1697156
2015-12-10,1694810
2015-12-11,1674910
2015-12-12,1544299
2015-12-13,1525951
2015-12-14,1681622
2015-12-15,1735008
2015-12-16,1737471
2015-12-17,1811435
2015-12-18,1857938
2015-12-19,1770477
2015-12-20,1669951
2015-12-21,1724162
2015-12-22,1711713
2015-12-23,1670553
2015-12-24,1541316
2015-12-25,1469445
2015-12-26,1544793
2015-12-27,1595065
2015-12-28,1746867
2015-12-29,1760968
2015-12-30,1748849
2015-12-31,1718192
2016-01-01,1670904
2016-01-02,1676528
2016-01-03,1678667
2016-01-04,1880036
2016-01-05,1934406
2016-01-06,1867451
2016-01-07,1783106
2016-01-08,1718135
2016-01-09,1673720
2016-01-10,1850112
2016-01-11,2033464
2016-01-12,1979699
2016-01-13,1975386
2016-01-14,1836211
2016-01-15,1764275
2016-01-16,1766353
2016-01-17,1851768
2016-01-18,2066976
2016-01-19,2054317
2016-01-20,1940121
2016-01-21,1919151
2016-01-22,1957840
2016-01-23,1835810
2016-01-24,1767939
2016-01-25,1796147
2016-01-26,1823057
2016-01-27,1879452
2016-01-28,1831710
2016-01-29,1773041
2016-01-30,1578218
2016-01-31,1502603
2016-02-01,1678866
2016-02-02,1733458
2016-02-03,1752492
2016-02-04,1854357
2016-02-05,1852536
2016-02-06,1695349
2016-02-07,1622488
2016-02-08,1845210
2016-02-09,1952308
2016-02-10,1969278
2016-02-11,1900561
2016-02-12,1855854
2016-02-13,1813066
2016-02-14,1774251
2016-02-15,1806844
2016-02-16,1791397
2016-02-17,1771348
2016-02-18,1764149
2016-02-19,1650073
2016-02-20,1499412
2016-02-21,1498078
2016-02-22,1678692
2016-02-23,1714310
2016-02-24,1785663
2016-02-25,1794757
2016-02-26,1759250
2016-02-27,1589114
2016-02-28,1506648
2016-02-29,1662273
2016-03-01,1749090
2016-03-02,1767139
2016-03-03,1748676
2016-03-04,1712724
2016-03-05,1580623
2016-03-06,1516704
2016-03-07,1610167
2016-03-08,1606241
2016-03-09,1616379
2016-03-10,1632419
2016-03-11,1605065
2016-03-12,1469284
2016-03-13,1384125
2016-03-14,1610038
2016-03-15,1626282
2016-03-16,1613275
2016-03-17,1624987
2016-03-18,1616169
2016-03-19,1520616
2016-03-20,1517323
2016-03-21,1670451
2016-03-22,1624943
2016-03-23,1618445
2016-03-24,1621756
2016-03-25,1552161
2016-03-26,1462825
2016-03-27,1401463
2016-03-28,1589202
2016-03-29,1606903
2016-03-30,1609680
2016-03-31,1622389
2016-04-01,1574870
2016-04-02,1498438
2016-04-03,1461315
2016-04-04,1603779
2016-04-05,1650632
2016-04-06,1627905
2016-04-07,1646158
2016-04-08,1632755
2016-04-09,1534114
2016-04-10,1492035
2016-04-11,1618214
2016-04-12,1641412
2016-04-13,1606546
2016-04-14,1590436
2016-04-15,1557072
2016-04-16,1434149
2016-04-17,1415852
2016-04-18,1602560
2016-04-19,1596763
2016-04-20,1601436
2016-04-21,1594922
2016-04-22,1562550
2016-04-23,1441531
2016-04-24,1432224
2016-04-25,1639040
2016-04-26,1674256
2016-04-27,1632112
2016-04-28,1648118
2016-04-29,1607502
2016-04-30,1493025
2016-05-01,1455161
2016-05-02,1571018
2016-05-03,1581114
2016-05-04,1575986
2016-05-05,1586762
2016-05-06,1593581
2016-05-07,1467089
2016-05-08,1415513
2016-05-09,1599077
2016-05-10,1669811
2016-05-11,1698899
2016-05-12,1689884
2016-05-13,1637133
2016-05-14,1488593
2016-05-15,1434008
2016-05-16,1581386
2016-05-17,1621719
2016-05-18,1611270
2016-05-19,1620719
2016-05-20,1607723
2016-05-21,1523239
2016-05-22,1517096
2016-05-23,1723894
2016-05-24,1810873
2016-05-25,1875865
2016-05-26,1898457
2016-05-27,1824657
2016-05-28,1689603
2016-05-29,1674854
2016-05-30,1705888
2016-05-31,1857878
2016-06-01,1831897
2016-06-02,1836260
2016-06-03,1799031
2016-06-04,1646067
2016-06-05,1621741
2016-06-06,1818717
2016-06-07,1783625
2016-06-08,1785985
2016-06-09,1880382
2016-06-10,2027534
2016-06-11,2018249
2016-06-12,1859014
2016-06-13,1961111
2016-06-14,1999667
2016-06-15,2100645
2016-06-16,2091819
2016-06-17,2082641
2016-06-18,1931224
2016-06-19,1954801
2016-06-20,2193905
2016-06-21,2080574
2016-06-22,2099333
2016-06-23,2117785
2016-06-24,2068094
2016-06-25,2064274
2016-06-26,2060009
2016-06-27,2165213
2016-06-28,1968819
2016-06-29,1919668
2016-06-30,1939428
2016-07-01,1901242
2016-07-02,1707791
2016-07-03,1676928
2016-07-04,1719984
2016-07-05,2090202
2016-07-06,2152204
2016-07-07,2147392
2016-07-08,2138157
2016-07-09,1911643
2016-07-10,1880642
2016-07-11,2173278
2016-07-12,2234996
2016-07-13,2221734
2016-07-14,2104255
2016-07-15,1963042
2016-07-16,1840235
2016-07-17,1904243
2016-07-18,2191511
2016-07-19,2234863
2016-07-20,2285667
2016-07-21,2378439
2016-07-22,2330697
2016-07-23,2178171
2016-07-24,2120065
2016-07-25,2242132
2016-07-26,2209793
2016-07-27,2173903
2016-07-28,2114078
2016-07-29,2029997
2016-07-30,1901602
2016-07-31,1912686
2016-08-01,2141992
2016-08-02,2236602
2016-08-03,2290813
2016-08-04,2321563
2016-08-05,2197220
2016-08-06,1972593
2016-08-07,1890567
2016-08-08,2075178
2016-08-09,2218177
2016-08-10,2307157
2016-08-11,2319852
2016-08-12,2220596
2016-08-13,1937583
2016-08-14,1817771
2016-08-15,1984535
2016-08-16,2049318
2016-08-17,2085638
2016-08-18,2113718
2016-08-19,2061723
2016-08-20,1849465
2016-08-21,1691576
2016-08-22,1869890
2016-08-23,1979432
2016-08-24,2102398
2016-08-25,2109041
2016-08-26,1999423
2016-08-27,1868443
2016-08-28,1932818
2016-08-29,2144976
2016-08-30,2144106
2016-08-31,2065324
2016-09-01,1934977
2016-09-02,1833733
2016-09-03,1680613
2016-09-04,1677916
2016-09-05,1843975
2016-09-06,2182714
2016-09-07,2201942
2016-09-08,2111076
2016-09-09,1994743
2016-09-10,1760165
2016-09-11,1618629
2016-09-12,1818250
2016-09-13,1878826
2016-09-14,1891003
2016-09-15,1890587
2016-09-16,1859898
2016-09-17,1743877
2016-09-18,1708633
2016-09-19,1924429
2016-09-20,1964490
2016-09-21,1954670
2016-09-22,1970986
2016-09-23,1931426
2016-09-24,1784756
2016-09-25,1731002
2016-09-26,1737593
2016-09-27,1698123
2016-09-28,1687796
2016-09-29,1668419
2016-09-30,1625529
2016-10-01,1509803
2016-10-02,1499486
2016-10-03,1670189
2016-10-04,1725964
2016-10-05,1793842
2016-10-06,1830560
2016-10-07,1759408
2016-10-08,1526852
2016-10-09,1458758
2016-10-10,1636685
2016-10-11,1686609
2016-10-12,1690646
2016-10-13,1667658
2016-10-14,1643020
2016-10-15,1570920
2016-10-16,1581724
2016-10-17,1825272
2016-10-18,1842866
2016-10-19,1762517
2016-10-20,1690379
2016-10-21,1602848
2016-10-22,1484413
2016-10-23,1448497
2016-10-24,1607733
2016-10-25,1642147
2016-10-26,1657951
2016-10-27,1664682
2016-10-28,1641787
2016-10-29,1534828
2016-10-30,1495382
2016-10-31,1650387
2016-11-01,1674912
2016-11-02,1697867
2016-11-03,1685105
2016-11-04,1632209
2016-11-05,1495146
2016-11-06,1518477
2016-11-07,1605571
2016-11-08,1617984
2016-11-09,1626084
2016-11-10,1632435
2016-11-11,1585528
2016-11-12,1512094
2016-11-13,1483447
2016-11-14,1626843
2016-11-15,1631854
2016-11-16,1633023
2016-11-17,1640706
2016-11-18,1618190
2016-11-19,1575012
2016-11-20,1611167
2016-11-21,1763092
2016-11-22,1756440
2016-11-23,1688171
2016-11-24,1469504
2016-11-25,1497869
2016-11-26,1507024
2016-11-27,1557543
2016-11-28,1705008
2016-11-29,1700921
2016-11-30,1713224
2016-12-01,1765935
2016-12-02,1755990
2016-12-03,1673471
2016-12-04,1649170
2016-12-05,1787007
2016-12-06,1813638
2016-12-07,1867854
2016-12-08,1968075
2016-12-09,2001459
2016-12-10,1886564
2016-12-11,1768237
2016-12-12,1856057
2016-12-13,1925124
2016-12-14,2004122
2016-12-15,2085891
2016-12-16,2027730
2016-12-17,1819142
2016-12-18,1956299
2016-12-19,2170368
2016-12-20,2056754
2016-12-21,1912462
2016-12-22,1857800
2016-12-23,1744876
2016-12-24,1571342
2016-12-25,1515339
2016-12-26,1551601
2016-12-27,1724818
2016-12-28,1752512
2016-12-29,1738938
2016-12-30,1753020
2016-12-31,1636582
2017-01-01,1567534
2017-01-02,1614422
2017-01-03,1753506
2017-01-04,1952981
2017-01-05,2031284
2017-01-06,2154640
2017-01-07,2103033
2017-01-08,2032297
2017-01-09,2011942
2017-01-10,1836976
2017-01-11,1816243
2017-01-12,1820148
2017-01-13,1880116
2017-01-14,1725722
2017-01-15,1666444
2017-01-16,1764523
2017-01-17,1758743
2017-01-18,1764203
2017-01-19,1741809
2017-01-20,1683721
2017-01-21,1539777
2017-01-22,1508067
2017-01-23,1709385
2017-01-24,1750605
2017-01-25,1738749
2017-01-26,1820322
2017-01-27,1872279
2017-01-28,1745450
2017-01-29,1685725
2017-01-30,1836362
2017-01-31,1774519
2017-02-01,1753037
2017-02-02,1840216
2017-02-03,1859554
2017-02-04,1772076
2017-02-05,1620645
2017-02-06,1719606
2017-02-07,1702134
2017-02-08,1796999
2017-02-09,1873925
2017-02-10,1777983
2017-02-11,1544838
2017-02-12,1533451
2017-02-13,1707850
2017-02-14,1705407
2017-02-15,1741929
2017-02-16,1752142
2017-02-17,1661121
2017-02-18,1495768
2017-02-19,1454661
2017-02-20,1612959
2017-02-21,1603900
2017-02-22,1609128
2017-02-23,1629805
2017-02-24,1649091
2017-02-25,1624553
2017-02-26,1594983
2017-02-27,1677766
2017-02-28,1677787
2017-03-01,1685325
2017-03-02,1728156
2017-03-03,1752550
2017-03-04,1594186
2017-03-05,1511390
2017-03-06,1642089
2017-03-07,1654430
2017-03-08,1662967
2017-03-09,1669137
2017-03-10,1726927
2017-03-11,1667158
2017-03-12,1568899
2017-03-13,1806269
2017-03-14,1854372
2017-03-15,1847987
2017-03-16,1791092
2017-03-17,1690632
2017-03-18,1553907
2017-03-19,1521628
2017-03-20,1654994
2017-03-21,1672033
2017-03-22,1729651
2017-03-23,1734276
2017-03-24,1639761
2017-03-25,1509274
2017-03-26,1478457
2017-03-27,1635318
2017-03-28,1661604
2017-03-29,1677638
2017-03-30,1662467
2017-03-31,1632912
2017-04-01,1498382
2017-04-02,1460754
2017-04-03,1608865
2017-04-04,1625032
2017-04-05,1656314
2017-04-06,1652448
2017-04-07,1617279
2017-04-08,1486449
2017-04-09,1444630
2017-04-10,1625876
2017-04-11,1615479
2017-04-12,1625728
2017-04-13,1632977
2017-04-14,1552766
2017-04-15,1494075
2017-04-16,1436221
2017-04-17,1589442
2017-04-18,1644303
2017-04-19,1686059
2017-04-20,1699626
2017-04-21,1620888
2017-04-22,1498304
2017-04-23,1418950
2017-04-24,1590991
2017-04-25,1623619
2017-04-26,1677191
2017-04-27,1629155
2017-04-28,1648065
2017-04-29,1566179
2017-04-30,1492633
2017-05-01,1616049
2017-05-02,1645366
2017-05-03,1610817
2017-05-04,1612926
2017-05-05,1590194
2017-05-06,1465009
2017-05-07,1456737
2017-05-08,1648028
2017-05-09,1700022
2017-05-10,1716743
2017-05-11,1692111
2017-05-12,1634537
2017-05-13,1511255
2017-05-14,1514400
2017-05-15,1749437
2017-05-16,1831667
2017-05-17,1864834
2017-05-18,1873488
2017-05-19,1745690
2017-05-20,1597603
2017-05-21,1517312
2017-05-22,1611321
2017-05-23,1655440
2017-05-24,1614554
2017-05-25,1642952
2017-05-26,1693841
2017-05-27,1636607
2017-05-28,1557164
2017-05-29,1542166
2017-05-30,1694069
2017-05-31,1746853
2017-06-01,1752551
2017-06-02,1831560
2017-06-03,1783601
2017-06-04,1771864
2017-06-05,1878380
2017-06-06,1813061
2017-06-07,1802943
2017-06-08,1828336
2017-06-09,1871260
2017-06-10,1867648
2017-06-11,1911533
2017-06-12,2172792
2017-06-13,2200246
2017-06-14,2175516
2017-06-15,2138868
2017-06-16,2102505
2017-06-17,1931343
2017-06-18,1796423
2017-06-19,1898942
2017-06-20,1885888
2017-06-21,1936732
2017-06-22,2042945
2017-06-23,1965583
2017-06-24,1694949
2017-06-25,1588442
2017-06-26,1736747
2017-06-27,1781273
2017-06-28,1861897
2017-06-29,1971953
2017-06-30,2001684
2017-07-01,1840491
2017-07-02,1809128
2017-07-03,1934697
2017-07-04,1874386
2017-07-05,2080427
2017-07-06,2177508
2017-07-07,2138096
2017-07-08,1880958
2017-07-09,1874751
2017-07-10,2091944
2017-07-11,2172721
2017-07-12,2212042
2017-07-13,2153806
2017-07-14,2025823
2017-07-15,1907720
2017-07-16,1910858
2017-07-17,2105205
2017-07-18,2203102
2017-07-19,2284026
2017-07-20,2342488
2017-07-21,2319164
2017-07-22,2148156
2017-07-23,1985225
2017-07-24,2040232
2017-07-25,2084941
2017-07-26,2185079
2017-07-27,2190737
2017-07-28,2092363
2017-07-29,1873544
2017-07-30,1853174
2017-07-31,2088129
2017-08-01,2127325
2017-08-02,2086334
2017-08-03,2020299
2017-08-04,1844304
2017-08-05,1692554
2017-08-06,1662905
2017-08-07,1874816
2017-08-08,1930239
2017-08-09,1950820
2017-08-10,2004157
2017-08-11,1967844
2017-08-12,1785438
2017-08-13,1737015
2017-08-14,1981717
2017-08-15,2049432
2017-08-16,2084867
2017-08-17,2108707
2017-08-18,2038818
2017-08-19,1951893
2017-08-20,1955137
2017-08-21,2153892
2017-08-22,2054424
2017-08-23,1909624
2017-08-24,1860968
2017-08-25,1800766
2017-08-26,1700492
2017-08-27,1676649
2017-08-28,1821489
2017-08-29,1844966
2017-08-30,1882755
2017-08-31,1822732
2017-09-01,1715947
2017-09-02,1583963
2017-09-03,1632494
2017-09-04,1722688
2017-09-05,1751715
2017-09-06,1660422
2017-09-07,1640827
2017-09-08,1658498
2017-09-09,1572166
2017-09-10,1551453
2017-09-11,1702268
2017-09-12,1732130
2017-09-13,1780671
2017-09-14,1867248
2017-09-15,1922978
2017-09-16,1835946
2017-09-17,1758614
2017-09-18,1877185
2017-09-19,1917104
2017-09-20,2036977
2017-09-21,2099058
2017-09-22,2170258
2017-09-23,2030249
2017-09-24,1948316
2017-09-25,2050646
2017-09-26,2033188
2017-09-27,1876742
2017-09-28,1766588
2017-09-29,1710488
2017-09-30,1559136
2017-10-01,1532700
2017-10-02,1735134
2017-10-03,1828429
2017-10-04,1807056
2017-10-05,1761731
2017-10-06,1746771
2017-10-07,1659381
2017-10-08,1602783
2017-10-09,1796766
2017-10-10,1776135
2017-10-11,1693905
2017-10-12,1696842
2017-10-13,1697712
2017-10-14,1651422
2017-10-15,1569490
2017-10-16,1613440
2017-10-17,1619844
2017-10-18,1624569
2017-10-19,1643406
2017-10-20,1634348
2017-10-21,1569830
2017-10-22,1493170
2017-10-23,1616474
2017-10-24,1638884
2017-10-25,1647679
2017-10-26,1664647
2017-10-27,1673430
2017-10-28,1602280
2017-10-29,1583771
2017-10-30,1726759
2017-10-31,1741155
2017-11-01,1743401
2017-11-02,1721929
2017-11-03,1702968
2017-11-04,1596652
2017-11-05,1619156
2017-11-06,1742241
2017-11-07,1768302
2017-11-08,1748954
2017-11-09,1777133
2017-11-10,1815898
2017-11-11,1673574
2017-11-12,1594047
2017-11-13,1736073
2017-11-14,1734605
2017-11-15,1726514
2017-11-16,1773013
2017-11-17,1748488
2017-11-18,1609313
2017-11-19,1625593
2017-11-20,1780232
2017-11-21,1774976
2017-11-22,1794179
2017-11-23,1567657
2017-11-24,1537921
2017-11-25,1507846
2017-11-26,1549985
2017-11-27,1709389
2017-11-28,1697164
2017-11-29,1702330
2017-11-30,1697632
2017-12-01,1705293
2017-12-02,1580835
2017-12-03,1555025
2017-12-04,1680544
2017-12-05,1773751
2017-12-06,1875888
2017-12-07,1953541
2017-12-08,1984304
2017-12-09,1860816
2017-12-10,1774616
2017-12-11,1858507
2017-12-12,1895280
2017-12-13,1935576
2017-12-14,1906163
2017-12-15,1906492
2017-12-16,1752641
2017-12-17,1657940
2017-12-18,1759430
2017-12-19,1757321
2017-12-20,1792009
2017-12-21,1795710
2017-12-22,1746030
2017-12-23,1675998
2017-12-24,1678802
2017-12-25,1735065
2017-12-26,1924723
2017-12-27,2107641
2017-12-28,2116017
2017-12-29,2001366
2017-12-30,1923871
2017-12-31,2008649
2018-01-01,2184383
2018-01-02,2344164
2018-01-03,2269020
2018-01-04,2237339
2018-01-05,2196295
2018-01-06,2115109
2018-01-07,1931459
2018-01-08,1870425
2018-01-09,1866120
2018-01-10,1803762
2018-01-11,1779257
2018-01-12,2060407
2018-01-13,2056166
2018-01-14,2047423
2018-01-15,2141952
2018-01-16,2262831
2018-01-17,2282462
2018-01-18,2144708
2018-01-19,1947976
2018-01-20,1683953
2018-01-21,1569833
2018-01-22,1707163
2018-01-23,1836098
2018-01-24,1900103
2018-01-25,1880481
2018-01-26,1769616
2018-01-27,1610206
2018-01-28,1625260
2018-01-29,1891656
2018-01-30,1981217
2018-01-31,1875100
2018-02-01,1877604
2018-02-02,1984905
2018-02-03,1862079
2018-02-04,1752013
2018-02-05,1976493
2018-02-06,1939169
2018-02-07,1956719
2018-02-08,1974149
2018-02-09,1861887
2018-02-10,1760659
2018-02-11,1777858
2018-02-12,1972096
2018-02-13,1908395
2018-02-14,1759558
2018-02-15,1704893
2018-02-16,1755590
2018-02-17,1698649
2018-02-18,1629678
2018-02-19,1724364
2018-02-20,1734617
2018-02-21,1816389
2018-02-22,1828637
2018-02-23,1736383
2018-02-24,1650016
2018-02-25,1582976
2018-02-26,1704443
2018-02-27,1685904
2018-02-28,1675203
2018-03-01,1699992
2018-03-02,1685429
2018-03-03,1570445
2018-03-04,1541608
2018-03-05,1731046
2018-03-06,1740380
2018-03-07,1786254
2018-03-08,1816297
2018-03-09,1756648
2018-03-10,1600823
2018-03-11,1506956
2018-03-12,1734824
2018-03-13,1769155
2018-03-14,1748445
2018-03-15,1703796
2018-03-16,1697311
2018-03-17,1576712
2018-03-18,1538644
2018-03-19,1692154
2018-03-20,1728782
2018-03-21,1720144
2018-03-22,1710349
2018-03-23,1682171
2018-03-24,1612330
2018-03-25,1581927
2018-03-26,1714067
2018-03-27,1687909
2018-03-28,1670368
2018-03-29,1649336
2018-03-30,1567836
2018-03-31,1534221
2018-04-01,1516323
2018-04-02,1731718
2018-04-03,1746135
2018-04-04,1750106
2018-04-05,1719227
2018-04-06,1713441
2018-04-07,1647404
2018-04-08,1626275
2018-04-09,1708552
2018-04-10,1693542
2018-04-11,1651519
2018-04-12,1626102
2018-04-13,1647204
2018-04-14,1557959
2018-04-15,1561767
2018-04-16,1734158
2018-04-17,1701272
2018-04-18,1685570
2018-04-19,1656203
2018-04-20,1612743
2018-04-21,1488615
2018-04-22,1450606
2018-04-23,1590819
2018-04-24,1611271
2018-04-25,1614233
2018-04-26,1598014
2018-04-27,1567253
2018-04-28,1467593
2018-04-29,1449197
2018-04-30,1613360
2018-05-01,1656373
2018-05-02,1747430
2018-05-03,1733579
2018-05-04,1678840
2018-05-05,1525382
2018-05-06,1506515
2018-05-07,1685653
2018-05-08,1740728
2018-05-09,1750494
2018-05-10,1754510
2018-05-11,1741453
2018-05-12,1632800
2018-05-13,1623068
2018-05-14,1852639
2018-05-15,1844261
2018-05-16,1850988
2018-05-17,1853778
2018-05-18,1778488
2018-05-19,1679577
2018-05-20,1627581
2018-05-21,1763377
2018-05-22,1835635
2018-05-23,1891664
2018-05-24,1962679
2018-05-25,1969479
2018-05-26,1866447
2018-05-27,1917618
2018-05-28,2011582
2018-05-29,2145469
2018-05-30,2107516
2018-05-31,2144588
2018-06-01,2093379
2018-06-02,1827293
2018-06-03,1714787
2018-06-04,1834654
2018-06-05,1869414
2018-06-06,1884872
2018-06-07,2010189
2018-06-08,2009050
2018-06-09,1839443
2018-06-10,1751774
2018-06-11,1928952
2018-06-12,1997966
2018-06-13,2029998
2018-06-14,1997266
2018-06-15,2089291
2018-06-16,2079747
2018-06-17,2149169
2018-06-18,2277870
2018-06-19,2090875
2018-06-20,2019404
2018-06-21,1959977
2018-06-22,1902735
2018-06-23,1826329
2018-06-24,1840962
2018-06-25,1991741
2018-06-26,2003647
2018-06-27,2091238
2018-06-28,2228245
2018-06-29,2335723
2018-06-30,2277579
2018-07-01,2116487
2018-07-02,2189747
2018-07-03,2169049
2018-07-04,2117972
2018-07-05,2221560
2018-07-06,2022113
2018-07-07,1813361
2018-07-08,1859463
2018-07-09,2169772
2018-07-10,2240238
2018-07-11,2190476
2018-07-12,2203757
2018-07-13,2242121
2018-07-14,2121043
2018-07-15,2113268
2018-07-16,2260966
2018-07-17,2130557
2018-07-18,2059277
2018-07-19,2078146
2018-07-20,2096683
2018-07-21,1919434
2018-07-22,1852983
2018-07-23,2039691
2018-07-24,2109171
2018-07-25,2121194
2018-07-26,2036991
2018-07-27,1937045
2018-07-28,1803135
2018-07-29,1757449
2018-07-30,1926984
2018-07-31,1932660
2018-08-01,1956765
2018-08-02,1992890
2018-08-03,2057939
2018-08-04,2006636
2018-08-05,2062273
2018-08-06,2189490
2018-08-07,2115042
2018-08-08,2132378
2018-08-09,2144986
2018-08-10,2114901
2018-08-11,1987399
2018-08-12,1984219
2018-08-13,2175296
2018-08-14,2184636
2018-08-15,2154517
2018-08-16,2165517
2018-08-17,2092341
2018-08-18,1956242
2018-08-19,1913895
2018-08-20,2033962
2018-08-21,1980765
2018-08-22,1897223
2018-08-23,1887521
2018-08-24,1858189
2018-08-25,1891527
2018-08-26,2021936
2018-08-27,2247011
2018-08-28,2202797
2018-08-29,1994227
2018-08-30,1911643
2018-08-31,1953027
2018-09-01,1911241
2018-09-02,1898277
2018-09-03,1938799
2018-09-04,2171999
2018-09-05,2158854
2018-09-06,1979832
2018-09-07,1861513
2018-09-08,1674876
2018-09-09,1585601
2018-09-10,1733439
2018-09-11,1795478
2018-09-12,1855379
2018-09-13,1925559
2018-09-14,2012626
2018-09-15,1975958
2018-09-16,1963097
2018-09-17,2121132
2018-09-18,2061210
2018-09-19,2013098
2018-09-20,2046723
2018-09-21,1930922
2018-09-22,1583077
2018-09-23,1555564
2018-09-24,1760199
2018-09-25,1851779
2018-09-26,1720855
2018-09-27,1660952
2018-09-28,1642286
2018-09-29,1540774
2018-09-30,1545140
2018-10-01,1739016
2018-10-02,1809495
2018-10-03,1883559
2018-10-04,1822296
2018-10-05,1777733
2018-10-06,1695710
2018-10-07,1643720
2018-10-08,1846727
2018-10-09,1900297
2018-10-10,1817005
2018-10-11,1653836
2018-10-12,1630553
2018-10-13,1543785
2018-10-14,1551114
2018-10-15,1684480
2018-10-16,1682931
2018-10-17,1650558
2018-10-18,1648485
2018-10-19,1638277
2018-10-20,1527449
2018-10-21,1494591
2018-10-22,1616248
2018-10-23,1618653
2018-10-24,1634713
2018-10-25,1646162
2018-10-26,1611918
2018-10-27,1507483
2018-10-28,1482123
2018-10-29,1639705
2018-10-30,1653977
2018-10-31,1637546
2018-11-01,1652394
2018-11-02,1632309
2018-11-03,1534141
2018-11-04,1553573
2018-11-05,1637267
2018-11-06,1666053
2018-11-07,1704832
2018-11-08,1737034
2018-11-09,1759133
2018-11-10,1737151
2018-11-11,1658076
2018-11-12,1796836
2018-11-13,1921997
2018-11-14,1959961
2018-11-15,1904204
2018-11-16,1815775
2018-11-17,1678661
2018-11-18,1637580
2018-11-19,1778009
2018-11-20,1815180
2018-11-21,1807892
2018-11-22,1573613
2018-11-23,1556850
2018-11-24,1516425
2018-11-25,1564416
2018-11-26,1864114
2018-11-27,1964325
2018-11-28,1934729
2018-11-29,1806234
2018-11-30,1726526
2018-12-01,1628244
2018-12-02,1599772
2018-12-03,1791173
2018-12-04,1869013
2018-12-05,1895448
2018-12-06,1911529
2018-12-07,1887334
2018-12-08,1829652
2018-12-09,1824278
2018-12-10,1963403
2018-12-11,1942433
2018-12-12,1855036
2018-12-13,1784788
2018-12-14,1755508
2018-12-15,1696563
2018-12-16,1644238
2018-12-17,1800541
2018-12-18,1819199
2018-12-19,1787831
2018-12-20,1781564
2018-12-21,1827995
2018-12-22,1712485
2018-12-23,1630155
2018-12-24,1621232
2018-12-25,1503923
2018-12-26,1637655
2018-12-27,1665119
2018-12-28,1696863
2018-12-29,1729412
2018-12-30,1662595
2018-12-31,1631533
2019-01-01,1621410
2019-01-02,1817839
2019-01-03,1813491
2019-01-04,1784647
2019-01-05,1640732
2019-01-06,1606572
2019-01-07,1689394
2019-01-08,1694101
2019-01-09,1847433
2019-01-10,1920174
2019-01-11,1875444
2019-01-12,1726388
2019-01-13,1733585
2019-01-14,1913070
2019-01-15,1916421
2019-01-16,1867430
2019-01-17,1825897
2019-01-18,1814145
2019-01-19,1791698
2019-01-20,1921643
2019-01-21,2052055
2019-01-22,1922681
2019-01-23,1876047
2019-01-24,2010808
2019-01-25,2045102
2019-01-26,1879261
2019-01-27,1815041
2019-01-28,1935031
2019-01-29,2097430
2019-01-30,2205538
2019-01-31,2149248
2019-02-01,1921264
2019-02-02,1699534
2019-02-03,1565954
2019-02-04,1689083
2019-02-05,1792880
2019-02-06,1783364
2019-02-07,1824031
2019-02-08,2016098
2019-02-09,1915088
2019-02-10,1775858
2019-02-11,1816460
2019-02-12,1817717
2019-02-13,1874784
2019-02-14,1785673
2019-02-15,1846804
2019-02-16,1761523
2019-02-17,1719757
2019-02-18,1873848
2019-02-19,1924514
2019-02-20,1833165
2019-02-21,1814145
2019-02-22,1787765
2019-02-23,1637160
2019-02-24,1645760
2019-02-25,1877800
2019-02-26,1855779
2019-02-27,1810543
2019-02-28,1858085
2019-03-01,1803649
2019-03-02,1697911
2019-03-03,1758811
2019-03-04,2065885
2019-03-05,2067881
2019-03-06,1983042
2019-03-07,1894465
2019-03-08,1767813
2019-03-09,1637220
2019-03-10,1533584
2019-03-11,1726544
2019-03-12,1720159
2019-03-13,1676339
2019-03-14,1659037
2019-03-15,1680690
2019-03-16,1598844
2019-03-17,1562994
2019-03-18,1698288
2019-03-19,1687328
2019-03-20,1683382
2019-03-21,1664831
2019-03-22,1638666
2019-03-23,1522861
2019-03-24,1479835
2019-03-25,1634300
2019-03-26,1651584
2019-03-27,1634637
2019-03-28,1600037
2019-03-29,1572749
2019-03-30,1523471
2019-03-31,1571969
2019-04-01,1703187
2019-04-02,1668695
2019-04-03,1622807
2019-04-04,1632227
2019-04-05,1596659
2019-04-06,1478986
2019-04-07,1450559
2019-04-08,1573829
2019-04-09,1586087
2019-04-10,1638994
2019-04-11,1661888
2019-04-12,1594075
2019-04-13,1505882
2019-04-14,1496291
2019-04-15,1623341
2019-04-16,1598555
2019-04-17,1607594
2019-04-18,1595621
2019-04-19,1525576
2019-04-20,1459130
2019-04-21,1387530
2019-04-22,1569077
2019-04-23,1583807
2019-04-24,1593551
2019-04-25,1597864
2019-04-26,1561371
2019-04-27,1482818
2019-04-28,1453598
2019-04-29,1633631
2019-04-30,1666254
2019-05-01,1668741
2019-05-02,1649851
2019-05-03,1603139
2019-05-04,1468528
2019-05-05,1444217
2019-05-06,1605330
2019-05-07,1638573
2019-05-08,1643520
2019-05-09,1659683
2019-05-10,1560237
2019-05-11,1463593
2019-05-12,1432571
2019-05-13,1595446
2019-05-14,1613946
2019-05-15,1653995
2019-05-16,1734667
2019-05-17,1721888
2019-05-18,1625681
2019-05-19,1547845
2019-05-20,1667835
2019-05-21,1695563
2019-05-22,1753444
2019-05-23,1800264
2019-05-24,1792463
2019-05-25,1705391
2019-05-26,1629850
2019-05-27,1647966
2019-05-28,1833564
2019-05-29,1815489
2019-05-30,1790792
2019-05-31,1827963
2019-06-01,1710599
2019-06-02,1637575
2019-06-03,1760947
2019-06-04,1845183
2019-06-05,1891631
2019-06-06,1887456
2019-06-07,1912272
2019-06-08,1748210
2019-06-09,1700635
2019-06-10,1790337
2019-06-11,1729741
2019-06-12,1691303
2019-06-13,1676467
2019-06-14,1694719
2019-06-15,1654571
2019-06-16,1632087
2019-06-17,1756711
2019-06-18,1861452
2019-06-19,1891327
2019-06-20,1854814
2019-06-21,1836751
2019-06-22,1747322
2019-06-23,1735883
2019-06-24,1836726
2019-06-25,1897748
2019-06-26,2005047
2019-06-27,2073892
2019-06-28,2056499
2019-06-29,2001842
2019-06-30,1965019
2019-07-01,2117419
2019-07-02,2175542
2019-07-03,2116148
2019-07-04,1966162
2019-07-05,2067148
2019-07-06,1975153
2019-07-07,1909933
2019-07-08,2079598
2019-07-09,2153296
2019-07-10,2231665
2019-07-11,2162574
2019-07-12,2072002
2019-07-13,1989324
2019-07-14,1948049
2019-07-15,2125056
2019-07-16,2163203
2019-07-17,2237757
2019-07-18,2269445
2019-07-19,2375776
2019-07-20,2126513
2019-07-21,1939859
2019-07-22,1933771
2019-07-23,1889642
2019-07-24,1929773
2019-07-25,1980440
2019-07-26,2026486
2019-07-27,1986159
2019-07-28,1982722
2019-07-29,2064220
2019-07-30,1989613
2019-07-31,1958223
2019-08-01,1984724
2019-08-02,2007788
2019-08-03,1932585
2019-08-04,1943183
2019-08-05,2143882
2019-08-06,2140494
2019-08-07,2152233
2019-08-08,2093775
2019-08-09,2026657
2019-08-10,1896423
2019-08-11,1906109
2019-08-12,2150961
2019-08-13,2160180
2019-08-14,2043667
2019-08-15,1994931
2019-08-16,2000061
2019-08-17,1937511
2019-08-18,1916772
2019-08-19,2096135
2019-08-20,2114438
2019-08-21,2067758
2019-08-22,1961514
2019-08-23,1865077
2019-08-24,1703943
2019-08-25,1653309
2019-08-26,1875313
2019-08-27,1940022
2019-08-28,1865477
2019-08-29,1906125
2019-08-30,1861149
2019-08-31,1672770
2019-09-01,1660148
2019-09-02,1766279
2019-09-03,1977757
2019-09-04,1938987
2019-09-05,1894904
2019-09-06,1907411
2019-09-07,1759615
2019-09-08,1693277
2019-09-09,1902098
2019-09-10,2025335
2019-09-11,2077822
2019-09-12,2024127
2019-09-13,1943829
2019-09-14,1747568
2019-09-15,1773175
2019-09-16,2006545
2019-09-17,2009586
2019-09-18,1994019
2019-09-19,1959680
2019-09-20,1971206
2019-09-21,1848679
2019-09-22,1781799
2019-09-23,1845304
2019-09-24,1809208
2019-09-25,1811796
2019-09-26,1758593
2019-09-27,1772707
2019-09-28,1688674
2019-09-29,1681230
2019-09-30,1937219
2019-10-01,1988476
2019-10-02,1918401
2019-10-03,1821339
2019-10-04,1686342
2019-10-05,1578634
2019-10-06,1536137
2019-10-07,1626361
2019-10-08,1616011
2019-10-09,1643828
2019-10-10,1700388
2019-10-11,1643185
2019-10-12,1470061
2019-10-13,1453271
2019-10-14,1592630
2019-10-15,1642919
2019-10-16,1610856
2019-10-17,1587015
2019-10-18,1561118
2019-10-19,1469543
2019-10-20,1473864
2019-10-21,1596332
2019-10-22,1586477
2019-10-23,1589404
2019-10-24,1590786
2019-10-25,1588584
2019-10-26,1489284
2019-10-27,1444959
2019-10-28,1603546
2019-10-29,1638997
2019-10-30,1689636
2019-10-31,1722429
2019-11-01,1727459
2019-11-02,1594357
2019-11-03,1612725
2019-11-04,1652911
2019-11-05,1669663
2019-11-06,1704768
2019-11-07,1755982
2019-11-08,1798051
2019-11-09,1652768
2019-11-10,1572581
2019-11-11,1773741
2019-11-12,1988034
2019-11-13,2014338
2019-11-14,1877301
2019-11-15,1821105
2019-11-16,1711252
2019-11-17,1662558
2019-11-18,1745901
2019-11-19,1723653
2019-11-20,1697607
2019-11-21,1697124
2019-11-22,1709547
2019-11-23,1639491
2019-11-24,1599657
2019-11-25,1688114
2019-11-26,1680785
2019-11-27,1675589
2019-11-28,1543912
2019-11-29,1547250
2019-11-30,1552420
2019-12-01,1579856
2019-12-02,1805862
2019-12-03,1821417
2019-12-04,1756205
2019-12-05,1740646
2019-12-06,1715012
2019-12-07,1655927
2019-12-08,1606733
2019-12-09,1721972
2019-12-10,1890682
2019-12-11,1968450
2019-12-12,1924051
2019-12-13,1806100
2019-12-14,1711122
2019-12-15,1732311
2019-12-16,1860637
2019-12-17,1938004
2019-12-18,2012561
2019-12-19,1967912
2019-12-20,1880148
2019-12-21,1693005
2019-12-22,1628892
2019-12-23,1669292
2019-12-24,1558012
2019-12-25,1435569
2019-12-26,1531247
2019-12-27,1599789
2019-12-28,1551878
2019-12-29,1498473
2019-12-30,1701175
2019-12-31,1724739
2020-01-01,1610915
2020-01-02,1664134
2020-01-03,1669595
2020-01-04,1649548
2020-01-05,1630361
2020-01-06,1741719
2020-01-07,1774954
2020-01-08,1862758
2020-01-09,1778100
2020-01-10,1688205
2020-01-11,1653357
2020-01-12,1704625
2020-01-13,1788193
2020-01-14,1752051
2020-01-15,1749613
2020-01-16,1838001
2020-01-17,1864157
2020-01-18,1697392
2020-01-19,1809434
2020-01-20,1972704
2020-01-21,1989008
2020-01-22,1953109
2020-01-23,1841021
2020-01-24,1788489
2020-01-25,1701750
2020-01-26,1643758
2020-01-27,1790415
2020-01-28,1841929
2020-01-29,1835921
2020-01-30,1827708
2020-01-31,1769653
2020-02-01,1649290
2020-02-02,1552601
2020-02-03,1650168
2020-02-04,1715529
2020-02-05,1800285
2020-02-06,1872462
2020-02-07,1858198
2020-02-08,1696126
2020-02-09,1641083
2020-02-10,1742667
2020-02-11,1781307
2020-02-12,1819417
2020-02-13,1911517
2020-02-14,1981851
2020-02-15,1765041
2020-02-16,1589194
2020-02-17,1722929
2020-02-18,1745095
2020-02-19,1822433
2020-02-20,1904237
2020-02-21,1887201
2020-02-22,1693885
2020-02-23,1563418
2020-02-24,1674778
2020-02-25,1718650
2020-02-26,1808779
2020-02-27,1863883
2020-02-28,1801378
2020-02-29,1640783
2020-03-01,1523228
2020-03-02,1623268
2020-03-03,1642082
2020-03-04,1653944
2020-03-05,1659223
2020-03-06,1679559
2020-03-07,1563078
2020-03-08,1408736
2020-03-09,1591204
2020-03-10,1633401
2020-03-11,1651607
2020-03-12,1643903
2020-03-13,1635383
2020-03-14,1599610
2020-03-15,1571027
2020-03-16,1697959
2020-03-17,1656911
2020-03-18,1669603
2020-03-19,1659005
2020-03-20,1623849
2020-03-21,1556121
2020-03-22,1539546
2020-03-23,1623774
2020-03-24,1612872
2020-03-25,1582836
2020-03-26,1556272
2020-03-27,1545002
2020-03-28,1472414
2020-03-29,1393668
2020-03-30,1487680
2020-03-31,1518714
2020-04-01,1484438
2020-04-02,1466959
2020-04-03,1463121
2020-04-04,1392811
2020-04-05,1370564
2020-04-06,1468537
2020-04-07,1494337
2020-04-08,1523061
2020-04-09,1509531
2020-04-10,1419946
2020-04-11,1343807
2020-04-12,1368973
2020-04-13,1480587
2020-04-14,1527004
2020-04-15,1530392
2020-04-16,1507733
2020-04-17,1483034
2020-04-18,1375816
2020-04-19,1338357
2020-04-20,1435118
2020-04-21,1462266
2020-04-22,1462136
2020-04-23,1467005
2020-04-24,1422469
2020-04-25,1347714
2020-04-26,1323080
2020-04-27,1413038
2020-04-28,1445328
2020-04-29,1423435
2020-04-30,1426486
2020-05-01,1408221
2020-05-02,1359375
2020-05-03,1348623
2020-05-04,1456914
2020-05-05,1496826
2020-05-06,1455211
2020-05-07,1428342
2020-05-08,1426786
2020-05-09,1331358
2020-05-10,1316781
2020-05-11,1450640
2020-05-12,1468311
2020-05-13,1492053
2020-05-14,1492929
2020-05-15,1473502
2020-05-16,1400835
2020-05-17,1393946
2020-05-18,1503888
2020-05-19,1520676
2020-05-20,1515357
2020-05-21,1544250
2020-05-22,1555410
2020-05-23,1484264
2020-05-24,1517801
2020-05-25,1599871
2020-05-26,1779134
2020-05-27,1772855
2020-05-28,1694340
2020-05-29,1592173
2020-05-30,1446573
2020-05-31,1428781
2020-06-01,1631970
2020-06-02,1869376
2020-06-03,1902436
2020-06-04,1891040
2020-06-05,1906531
2020-06-06,1763586
2020-06-07,1695550
2020-06-08,1904359
2020-06-09,1991832
2020-06-10,1886929
2020-06-11,1712682
2020-06-12,1710362
2020-06-13,1589802
2020-06-14,1562626
2020-06-15,1762180
2020-06-16,1866824
2020-06-17,1921999
2020-06-18,1948851
2020-06-19,1948698
2020-06-20,1842525
2020-06-21,1768042
2020-06-22,1843152
2020-06-23,1790809
2020-06-24,1752546
2020-06-25,1845142
2020-06-26,1914761
2020-06-27,1879353
2020-06-28,1891639
2020-06-29,2069727
2020-06-30,2090283
2020-07-01,2096947
2020-07-02,2120705
2020-07-03,2028311
2020-07-04,1942791
2020-07-05,1960989
2020-07-06,2155961
2020-07-07,2206255
2020-07-08,2234529
2020-07-09,2234633
2020-07-10,2119672
2020-07-11,2011862
2020-07-12,1921058
2020-07-13,2047258
2020-07-14,2084317
2020-07-15,2083994
2020-07-16,2039933
2020-07-17,2128179
2020-07-18,2125794
2020-07-19,2030443
2020-07-20,2042859
2020-07-21,2046320
2020-07-22,2057742
2020-07-23,2058796
2020-07-24,2086742
2020-07-25,2056471
2020-07-26,2060580
2020-07-27,2108043
2020-07-28,2069158
2020-07-29,2110999
2020-07-30,2047404
2020-07-31,1951413
2020-08-01,1768713
2020-08-02,1726199
2020-08-03,1847788
2020-08-04,1811466
2020-08-05,1807573
2020-08-06,1861946
2020-08-07,1924372
2020-08-08,1923753
2020-08-09,1985878
2020-08-10,2138287
2020-08-11,2043061
2020-08-12,2016813
2020-08-13,2065287
2020-08-14,2059810
2020-08-15,1940885
2020-08-16,1881686
2020-08-17,1980752
2020-08-18,1933457
2020-08-19,1904297
2020-08-20,1940361
2020-08-21,1992585
2020-08-22,1932412
2020-08-23,1978962
2020-08-24,2197626
2020-08-25,2188735
2020-08-26,2160996
2020-08-27,2095374
2020-08-28,2005537
2020-08-29,1771574
2020-08-30,1635718
2020-08-31,1811233
2020-09-01,1847477
2020-09-02,1898391
2020-09-03,1882411
2020-09-04,1747951
2020-09-05,1625495
2020-09-06,1616052
2020-09-07,1665314
2020-09-08,1756941
2020-09-09,1777622
2020-09-10,1755167
2020-09-11,1722434
2020-09-12,1643667
2020-09-13,1618929
2020-09-14,1716737
2020-09-15,1728479
2020-09-16,1722859
2020-09-17,1690613
2020-09-18,1585485
2020-09-19,1436372
2020-09-20,1401696
2020-09-21,1561116
2020-09-22,1613840
2020-09-23,1648476
2020-09-24,1647675
2020-09-25,1651803
2020-09-26,1580478
2020-09-27,1559571
2020-09-28,1584476
2020-09-29,1531597
2020-09-30,1550415
2020-10-01,1552498
2020-10-02,1525327
2020-10-03,1432007
2020-10-04,1405506
2020-10-05,1552500
2020-10-06,1576519
2020-10-07,1618443
2020-10-08,1616225
2020-10-09,1598557
2020-10-10,1457197
2020-10-11,1474989
2020-10-12,1611668
2020-10-13,1583366
2020-10-14,1580813
2020-10-15,1577348
2020-10-16,1548052
2020-10-17,1452286
2020-10-18,1447549
2020-10-19,1643359
2020-10-20,1656146
2020-10-21,1646444
2020-10-22,1674741
2020-10-23,1635151
2020-10-24,1504245
2020-10-25,1489037
2020-10-26,1651196
2020-10-27,1684628
2020-10-28,1639322
2020-10-29,1606168
2020-10-30,1600925
2020-10-31,1492097
2020-11-01,1539885
2020-11-02,1646792
2020-11-03,1604194
2020-11-04,1571654
2020-11-05,1557151
2020-11-06,1541274
2020-11-07,1445920
2020-11-08,1425583
2020-11-09,1595623
2020-11-10,1634648
2020-11-11,1623482
2020-11-12,1653227
2020-11-13,1643108
2020-11-14,1571458
2020-11-15,1508692
2020-11-16,1647654
2020-11-17,1680061
2020-11-18,1672461
2020-11-19,1620460
2020-11-20,1578864
2020-11-21,1518617
2020-11-22,1527695
2020-11-23,1658467
2020-11-24,1692200
2020-11-25,1635498
2020-11-26,1474488
2020-11-27,1484466
2020-11-28,1498652
2020-11-29,1533685
2020-11-30,1785029
2020-12-01,1850959
2020-12-02,1800618
2020-12-03,1755182
2020-12-04,1719447
2020-12-05,1668566
2020-12-06,1642336
2020-12-07,1780128
2020-12-08,1781816
2020-12-09,1710115
2020-12-10,1683193
2020-12-11,1664995
2020-12-12,1597132
2020-12-13,1638756
2020-12-14,1855985
2020-12-15,1929643
2020-12-16,1909913
2020-12-17,1919187
2020-12-18,1881363
2020-12-19,1702642
2020-12-20,1637940
2020-12-21,1746608
2020-12-22,1742082
2020-12-23,1699467
2020-12-24,1759604
2020-12-25,1780655
2020-12-26,1716375
2020-12-27,1634217
2020-12-28,1737509
2020-12-29,1789621
2020-12-30,1709544
2020-12-31,1707092
2021-01-01,1648902
2021-01-02,1671177
2021-01-03,1676440
2021-01-04,1777689
2021-01-05,1783884
2021-01-06,1794232
2021-01-07,1841159
2021-01-08,1875556
2021-01-09,1802577
2021-01-10,1821256
2021-01-11,1948226
2021-01-12,1911472
2021-01-13,1815418
2021-01-14,1779932
2021-01-15,1791577
2021-01-16,1742921
2021-01-17,1689917
2021-01-18,1794976
2021-01-19,1805525
2021-01-20,1800180
2021-01-21,1727218
2021-01-22,1772963
2021-01-23,1728091
2021-01-24,1647823
2021-01-25,1774509
2021-01-26,1780896
2021-01-27,1839084
2021-01-28,1917327
2021-01-29,1868716
2021-01-30,1712541
2021-01-31,1657328
2021-02-01,1853407
2021-02-02,1891484
2021-02-03,1843669
2021-02-04,1823798
2021-02-05,1871598
2021-02-06,1835978
2021-02-07,1880933
2021-02-08,1982005
2021-02-09,1949977
2021-02-10,1976685
2021-02-11,2034080
2021-02-12,2093086
2021-02-13,2071647
2021-02-14,2120583
2021-02-15,2256896
2021-02-16,2172227
2021-02-17,2138209
2021-02-18,2043479
2021-02-19,2011535
2021-02-20,1858405
2021-02-21,1733348
2021-02-22,1721632
2021-02-23,1689777
2021-02-24,1656644
2021-02-25,1694239
2021-02-26,1701221
2021-02-27,1546133
2021-02-28,1534909
2021-03-01,1715761
2021-03-02,1763519
2021-03-03,1686762
2021-03-04,1667865
2021-03-05,1674233
2021-03-06,1553268
2021-03-07,1517945
2021-03-08,1604163
2021-03-09,1581942
2021-03-10,1568789
2021-03-11,1572829
2021-03-12,1588434
2021-03-13,1498027
2021-03-14,1423031
2021-03-15,1687108
2021-03-16,1674637
2021-03-17,1650588
2021-03-18,1649587
2021-03-19,1638463
2021-03-20,1511797
2021-03-21,1449408
2021-03-22,1553452
2021-03-23,1568079
2021-03-24,1557183
2021-03-25,1585344
2021-03-26,1584268
2021-03-27,1497207
2021-03-28,1451694
2021-03-29,1568982
2021-03-30,1579488
2021-03-31,1611333
2021-04-01,1642947
2021-04-02,1561646
2021-04-03,1437502
2021-04-04,1368632
2021-04-05,1527369
2021-04-06,1575722
2021-04-07,1585704
2021-04-08,1577750
2021-04-09,1585193
2021-04-10,1454563
2021-04-11,1425783
2021-04-12,1566486
2021-04-13,1571941
2021-04-14,1564492
2021-04-15,1576975
2021-04-16,1538857
2021-04-17,1423109
2021-04-18,1398247
2021-04-19,1555871
2021-04-20,1613846
2021-04-21,1622678
2021-04-22,1588873
2021-04-23,1552177
2021-04-24,1471626
2021-04-25,1417010
2021-04-26,1567756
2021-04-27,1617623
2021-04-28,1635605
2021-04-29,1620591
2021-04-30,1549012
2021-05-01,1451054
2021-05-02,1458812
2021-05-03,1637644
2021-05-04,1600159
2021-05-05,1532752
2021-05-06,1551097
2021-05-07,1527124
2021-05-08,1447467
2021-05-09,1443391
2021-05-10,1578260
2021-05-11,1570756
2021-05-12,1547424
2021-05-13,1549440
2021-05-14,1535896
2021-05-15,1429440
2021-05-16,1431914
2021-05-17,1585322
2021-05-18,1622219
2021-05-19,1677925
2021-05-20,1762228
2021-05-21,1784895
2021-05-22,1707021
2021-05-23,1675917
2021-05-24,1827774
2021-05-25,1903527
2021-05-26,1815101
2021-05-27,1736940
2021-05-28,1626544
2021-05-29,1435261
2021-05-30,1395490
2021-05-31,1457121
2021-06-01,1650358
2021-06-02,1706931
2021-06-03,1793194
2021-06-04,1881616
2021-06-05,1861215
2021-06-06,1858989
2021-06-07,2034117
2021-06-08,2073090
2021-06-09,2127624
2021-06-10,2161977
2021-06-11,2168012
2021-06-12,2017968
2021-06-13,1961766
2021-06-14,2001369
2021-06-15,1955550
2021-06-16,1938078
2021-06-17,2016124
2021-06-18,2085296
2021-06-19,1872303
2021-06-20,1848324
2021-06-21,1804707
2021-06-22,1711674
2021-06-23,1822676
2021-06-24,1959242
2021-06-25,1981594
2021-06-26,1905492
2021-06-27,1898319
2021-06-28,2064583
2021-06-29,2108332
2021-06-30,2080639
2021-07-01,2028679
2021-07-02,1872172
2021-07-03,1758995
2021-07-04,1877314
2021-07-05,2052738
2021-07-06,2178237
2021-07-07,2032488
2021-07-08,1933756
2021-07-09,1870338
2021-07-10,1770684
2021-07-11,1717985
2021-07-12,1879332
2021-07-13,1993260
2021-07-14,2056768
2021-07-15,2072011
2021-07-16,1936960
2021-07-17,1848255
2021-07-18,1862270
2021-07-19,2045263
2021-07-20,2054182
2021-07-21,2017459
2021-07-22,2065054
2021-07-23,2154947
2021-07-24,2123870
2021-07-25,2057022
2021-07-26,2217596
2021-07-27,2233674
2021-07-28,2270176
2021-07-29,2277850
2021-07-30,2052483
2021-07-31,1858749
2021-08-01,1804482
2021-08-02,1886614
2021-08-03,1927222
2021-08-04,1980590
2021-08-05,1998259
2021-08-06,2022691
2021-08-07,1968584
2021-08-08,2007961
2021-08-09,2178204
2021-08-10,2290697
2021-08-11,2242437
2021-08-12,2166360
2021-08-13,2036105
2021-08-14,1862808
2021-08-15,1799039
2021-08-16,1974263
2021-08-17,2085707
2021-08-18,2158783
2021-08-19,2197155
2021-08-20,2205205
2021-08-21,2046217
2021-08-22,1993583
2021-08-23,2202887
2021-08-24,2274962
2021-08-25,2258420
2021-08-26,2214117
2021-08-27,2156399
2021-08-28,2088634
2021-08-29,1967349
2021-08-30,1905492
2021-08-31,1855266
2021-09-01,1827395
2021-09-02,1756674
2021-09-03,1710109
2021-09-04,1615145
2021-09-05,1615425
2021-09-06,1633695
2021-09-07,1821844
2021-09-08,1780404
2021-09-09,1731845
2021-09-10,1734024
2021-09-11,1726946
2021-09-12,1743784
2021-09-13,1862926
2021-09-14,1905921
2021-09-15,1798737
2021-09-16,1837818
2021-09-17,1882649
2021-09-18,1771074
2021-09-19,1790961
2021-09-20,1941816
2021-09-21,1807824
2021-09-22,1625425
2021-09-23,1586610
2021-09-24,1583383
2021-09-25,1491663
2021-09-26,1522208
2021-09-27,1776895
2021-09-28,1787151
2021-09-29,1790628
2021-09-30,1810560
2021-10-01,1770357
2021-10-02,1652658
2021-10-03,1637107
2021-10-04,1735103
2021-10-05,1725739
2021-10-06,1726891
2021-10-07,1745128
2021-10-08,1749261
2021-10-09,1671508
2021-10-10,1674653
2021-10-11,1769199
2021-10-12,1731511
2021-10-13,1733995
2021-10-14,1747996
2021-10-15,1685543
2021-10-16,1463936
2021-10-17,1426974
2021-10-18,1574112
2021-10-19,1597732
2021-10-20,1631239
2021-10-21,1648430
2021-10-22,1624765
2021-10-23,1531070
2021-10-24,1532839
2021-10-25,1654659
2021-10-26,1639780
2021-10-27,1638111
2021-10-28,1610738
2021-10-29,1578239
2021-10-30,1466304
2021-10-31,1455876
2021-11-01,1634119
2021-11-02,1666102
2021-11-03,1682333
2021-11-04,1687586
2021-11-05,1667281
2021-11-06,1543587
2021-11-07,1549610
2021-11-08,1603154
2021-11-09,1613254
2021-11-10,1612288
2021-11-11,1604070
2021-11-12,1652851
2021-11-13,1607021
2021-11-14,1602709
2021-11-15,1708156
2021-11-16,1679356
2021-11-17,1641244
2021-11-18,1706457
2021-11-19,1742372
2021-11-20,1613736
2021-11-21,1554947
2021-11-22,1737412
2021-11-23,1759431
2021-11-24,1691096
2021-11-25,1528825
2021-11-26,1621836
2021-11-27,1606208
2021-11-28,1590594
2021-11-29,1749373
2021-11-30,1709861
2021-12-01,1682971
2021-12-02,1640834
2021-12-03,1646276
2021-12-04,1586078
2021-12-05,1590493
2021-12-06,1761310
2021-12-07,1891906
2021-12-08,1829483
2021-12-09,1783742
2021-12-10,1718940
2021-12-11,1611425
2021-12-12,1634496
2021-12-13,1731705
2021-12-14,1710516
2021-12-15,1642519
2021-12-16,1676303
2021-12-17,1775198
2021-12-18,1687933
2021-12-19,1708959
2021-12-20,1867387
2021-12-21,1868357
2021-12-22,1868258
2021-12-23,1748688
2021-12-24,1520115
2021-12-25,1442412
2021-12-26,1531262
2021-12-27,1619824
2021-12-28,1725011
2021-12-29,1748129
2021-12-30,1725042
2021-12-31,1631178
2022-01-01,1641398
2022-01-02,1787031
2022-01-03,1957464
2022-01-04,1937307
2022-01-05,1899099
2022-01-06,1998156
2022-01-07,2072579
2022-01-08,1851306
2022-01-09,1728157
2022-01-10,1952231
2022-01-11,1955743
2022-01-12,1807716
2022-01-13,1785271
2022-01-14,1813851
2022-01-15,1784670
2022-01-16,1839346
2022-01-17,1879850
2022-01-18,1837825
2022-01-19,1844768
2022-01-20,2051541
2022-01-21,2114375
2022-01-22,1969533
2022-01-23,1875160
2022-01-24,1950053
2022-01-25,1998602
2022-01-26,2071836
2022-01-27,1981743
2022-01-28,1964817
2022-01-29,1908386
2022-01-30,1776209
2022-01-31,1841907
2022-02-01,1768121
2022-02-02,1837147
2022-02-03,1976796
2022-02-04,2076075
2022-02-05,1971600
2022-02-06,1844635
2022-02-07,1925699
2022-02-08,1868541
2022-02-09,1797389
2022-02-10,1812686
2022-02-11,1775512
2022-02-12,1799343
2022-02-13,1857455
2022-02-14,1922440
2022-02-15,1837341
2022-02-16,1717616
2022-02-17,1799040
2022-02-18,1904848
2022-02-19,1817137
2022-02-20,1668982
2022-02-21,1713004
2022-02-22,1766564
2022-02-23,1924360
2022-02-24,1949825
2022-02-25,1936458
2022-02-26,1808126
2022-02-27,1695151
2022-02-28,1766017
2022-03-01,1702424
2022-03-02,1679431
2022-03-03,1706184
2022-03-04,1685280
2022-03-05,1526586
2022-03-06,1522352
2022-03-07,1722551
2022-03-08,1775905
2022-03-09,1754777
2022-03-10,1768863
2022-03-11,1800616
2022-03-12,1831619
2022-03-13,1597721
2022-03-14,1663691
2022-03-15,1617067
2022-03-16,1590072
2022-03-17,1571830
2022-03-18,1583688
2022-03-19,1510368
2022-03-20,1456598
2022-03-21,1553433
2022-03-22,1615264
2022-03-23,1634740
2022-03-24,1661249
2022-03-25,1648596
2022-03-26,1572752
2022-03-27,1564660
2022-03-28,1695744
2022-03-29,1704633
2022-03-30,1651989
2022-03-31,1651816
2022-04-01,1638393
2022-04-02,1520441
2022-04-03,1485895
2022-04-04,1593880
2022-04-05,1627512
2022-04-06,1643770
2022-04-07,1628694
2022-04-08,1644251
2022-04-09,1530587
2022-04-10,1469819
2022-04-11,1570490
2022-04-12,1615068
2022-04-13,1631546
2022-04-14,1622344
2022-04-15,1560108
2022-04-16,1510319
2022-04-17,1507315
2022-04-18,1659943
2022-04-19,1629118
2022-04-20,1639230
2022-04-21,1623977
2022-04-22,1631543
2022-04-23,1542627
2022-04-24,1524230
2022-04-25,1619868
2022-04-26,1612392
2022-04-27,1603287
2022-04-28,1597046
2022-04-29,1586725
2022-04-30,1520161
2022-05-01,1496642
2022-05-02,1625130
2022-05-03,1658150
2022-05-04,1641605
2022-05-05,1642798
2022-05-06,1606997
2022-05-07,1490903
2022-05-08,1489602
2022-05-09,1716906
2022-05-10,1851242
2022-05-11,1956669
2022-05-12,1991998
2022-05-13,1902556
2022-05-14,1724510
2022-05-15,1644247
2022-05-16,1724392
2022-05-17,1735138
2022-05-18,1741696
2022-05-19,1802006
2022-05-20,1858181
2022-05-21,1664634
2022-05-22,1501082
2022-05-23,1600324
2022-05-24,1640362
2022-05-25,1683560
2022-05-26,1697913
2022-05-27,1650213
2022-05-28,1565403
2022-05-29,1632914
2022-05-30,1800613
2022-05-31,1997948
2022-06-01,1910133
2022-06-02,1783461
2022-06-03,1739464
2022-06-04,1633932
2022-06-05,1643583
2022-06-06,1815378
2022-06-07,1848033
2022-06-08,1806049
2022-06-09,1829745
2022-06-10,1761057
2022-06-11,1713537
2022-06-12,1832138
2022-06-13,2105556
2022-06-14,2269701
2022-06-15,2290705
2022-06-16,2244429
2022-06-17,2102938
2022-06-18,1861430
2022-06-19,1821365
2022-06-20,2131415
2022-06-21,2290399
2022-06-22,2268223
2022-06-23,2162285
2022-06-24,2168761
2022-06-25,2017644
2022-06-26,1863546
2022-06-27,1854413
2022-06-28,1910904
2022-06-29,1997387
2022-06-30,2120794
2022-07-01,2037152
2022-07-02,1835310
2022-07-03,1856337
2022-07-04,1979651
2022-07-05,2239372
2022-07-06,2167930
2022-07-07,2151635
2022-07-08,2122094
2022-07-09,1953895
2022-07-10,1916496
2022-07-11,2141232
2022-07-12,2136768
2022-07-13,2074344
2022-07-14,2065007
2022-07-15,2030865
2022-07-16,1994625
2022-07-17,1954972
2022-07-18,2186185
2022-07-19,2294048
2022-07-20,2319129
2022-07-21,2278969
2022-07-22,2222795
2022-07-23,2113826
2022-07-24,2030744
2022-07-25,2011627
2022-07-26,2011885
2022-07-27,2071993
2022-07-28,2037915
2022-07-29,1945060
2022-07-30,1836255
2022-07-31,1866678
2022-08-01,2112533
2022-08-02,2123179
2022-08-03,2191306
2022-08-04,2098696
2022-08-05,2151306
2022-08-06,2127819
2022-08-07,2064348
2022-08-08,2120092
2022-08-09,1997489
2022-08-10,2016227
2022-08-11,1987805
2022-08-12,1894723
2022-08-13,1771026
2022-08-14,1764104
2022-08-15,1952664
2022-08-16,1985664
2022-08-17,1970518
2022-08-18,1960126
2022-08-19,1926658
2022-08-20,1811923
2022-08-21,1780783
2022-08-22,1924864
2022-08-23,1938246
2022-08-24,1979029
2022-08-25,1975491
2022-08-26,1949723
2022-08-27,1857421
2022-08-28,1920600
2022-08-29,2078199
2022-08-30,1969068
2022-08-31,1979464
2022-09-01,2041558
2022-09-02,2016046
2022-09-03,1800216
2022-09-04,1638188
2022-09-05,1665935
2022-09-06,1857514
2022-09-07,1929103
2022-09-08,1916962
2022-09-09,1864007
2022-09-10,1763995
2022-09-11,1667705
2022-09-12,1700104
2022-09-13,1714846
2022-09-14,1760703
2022-09-15,1814147
2022-09-16,1849796
2022-09-17,1781178
2022-09-18,1803198
2022-09-19,1972152
2022-09-20,2011595
2022-09-21,1989236
2022-09-22,1753338
2022-09-23,1664925
2022-09-24,1606701
2022-09-25,1576798
2022-09-26,1636779
2022-09-27,1585265
2022-09-28,1573030
2022-09-29,1561013
2022-09-30,1549018
2022-10-01,1445352
2022-10-02,1429985
2022-10-03,1578825
2022-10-04,1602218
2022-10-05,1615299
2022-10-06,1621594
2022-10-07,1590068
2022-10-08,1490533
2022-10-09,1454550
2022-10-10,1589047
2022-10-11,1626079
2022-10-12,1642156
2022-10-13,1628558
2022-10-14,1596735
2022-10-15,1497594
2022-10-16,1482142
2022-10-17,1617946
2022-10-18,1642613
2022-10-19,1657351
2022-10-20,1637157
2022-10-21,1570970
2022-10-22,1456047
2022-10-23,1454491
2022-10-24,1595193
2022-10-25,1581915
2022-10-26,1562509
2022-10-27,1590971
2022-10-28,1553044
2022-10-29,1453053
2022-10-30,1417717
2022-10-31,1547575
2022-11-01,1568280
2022-11-02,1579928
2022-11-03,1590548
2022-11-04,1596566
2022-11-05,1476187
2022-11-06,1513010
2022-11-07,1634763
2022-11-08,1649256
2022-11-09,1632931
2022-11-10,1602092
2022-11-11,1618239
2022-11-12,1631925
2022-11-13,1671159
2022-11-14,1796815
2022-11-15,1799456
2022-11-16,1837591
2022-11-17,1867533
2022-11-18,1883438
2022-11-19,1816114
2022-11-20,1777584
2022-11-21,1817607
2022-11-22,1767458
2022-11-23,1692979
2022-11-24,1477676
2022-11-25,1463218
2022-11-26,1503123
2022-11-27,1527537
2022-11-28,1686276
2022-11-29,1721372
2022-11-30,1794900
2022-12-01,1862581
2022-12-02,1746123
2022-12-03,1662391
2022-12-04,1677756
2022-12-05,1767200
2022-12-06,1748113
2022-12-07,1740228
2022-12-08,1760227
2022-12-09,1732700
2022-12-10,1642633
2022-12-11,1609549
2022-12-12,1741641
2022-12-13,1767157
2022-12-14,1720903
2022-12-15,1785172
2022-12-16,1834444
2022-12-17,1805944
2022-12-18,1835940
2022-12-19,1976059
2022-12-20,1932437
2022-12-21,1972860
2022-12-22,1989437
2022-12-23,2299624
2022-12-24,2131163
2022-12-25,1952268
2022-12-26,1899607
2022-12-27,1932398
2022-12-28,1793584
2022-12-29,1622254
2022-12-30,1577150
2022-12-31,1559815
2023-01-01,1493743
2023-01-02,1567610
2023-01-03,1671686
2023-01-04,1702628
2023-01-05,1772155
2023-01-06,1795947
2023-01-07,1695182
2023-01-08,1662890
2023-01-09,1776232
2023-01-10,1747539
2023-01-11,1699184
2023-01-12,1748968
2023-01-13,1861086
2023-01-14,1780705
2023-01-15,1683861
2023-01-16,1698175
2023-01-17,1689968
2023-01-18,1736077
2023-01-19,1735149
2023-01-20,1797546
2023-01-21,1714373
2023-01-22,1688558
2023-01-23,1841343
2023-01-24,1840735
2023-01-25,1850986
2023-01-26,1907168
2023-01-27,1864742
2023-01-28,1713348
2023-01-29,1687522
2023-01-30,1922162
2023-01-31,2011136
2023-02-01,1997180
2023-02-02,1954150
2023-02-03,1993430
2023-02-04,1815259
2023-02-05,1645419
2023-02-06,1740252
2023-02-07,1699533
2023-02-08,1706336
2023-02-09,1726703
2023-02-10,1763157
2023-02-11,1692979
2023-02-12,1624741
2023-02-13,1691210
2023-02-14,1687697
2023-02-15,1660136
2023-02-16,1753912
2023-02-17,1845609
2023-02-18,1710478
2023-02-19,1564978
2023-02-20,1656127
2023-02-21,1716690
2023-02-22,1728263
2023-02-23,1714847
2023-02-24,1794438
2023-02-25,1644535
2023-02-26,1573808
2023-02-27,1685239
2023-02-28,1680661
2023-03-01,1666045
2023-03-02,1711095
2023-03-03,1693562
2023-03-04,1535165
2023-03-05,1509963
2023-03-06,1646558
2023-03-07,1683415
2023-03-08,1723284
2023-03-09,1733792
2023-03-10,1703595
2023-03-11,1621710
2023-03-12,1549004
2023-03-13,1750249
2023-03-14,1757230
2023-03-15,1707236
2023-03-16,1686572
2023-03-17,1715533
2023-03-18,1734569
2023-03-19,1699616
2023-03-20,1775791
2023-03-21,1713022
2023-03-22,1665330
2023-03-23,1641302
2023-03-24,1656293
2023-03-25,1557173
2023-03-26,1511146
2023-03-27,1648199
2023-03-28,1665948
2023-03-29,1654413
2023-03-30,1656631
2023-03-31,1615235
2023-04-01,1524601
2023-04-02,1484935
2023-04-03,1627918
2023-04-04,1676672
2023-04-05,1658091
2023-04-06,1637536
2023-04-07,1539373
2023-04-08,1436995
2023-04-09,1371489
2023-04-10,1522500
2023-04-11,1552776
2023-04-12,1575850
2023-04-13,1593632
2023-04-14,1593696
2023-04-15,1501734
2023-04-16,1438991
2023-04-17,1586172
2023-04-18,1577557
2023-04-19,1601275
2023-04-20,1626510
2023-04-21,1557986
2023-04-22,1482407
2023-04-23,1467175
2023-04-24,1585034
2023-04-25,1582004
2023-04-26,1583436
2023-04-27,1572752
2023-04-28,1556748
2023-04-29,1427964
2023-04-30,1437619
2023-05-01,1574876
2023-05-02,1585769
2023-05-03,1582573
2023-05-04,1587185
2023-05-05,1590399
2023-05-06,1497298
2023-05-07,1537441
2023-05-08,1664417
2023-05-09,1653842
2023-05-10,1662061
2023-05-11,1711272
2023-05-12,1735619
2023-05-13,1623888
2023-05-14,1554478
2023-05-15,1671959
2023-05-16,1685934
2023-05-17,1649097
2023-05-18,1672831
2023-05-19,1669778
2023-05-20,1538720
2023-05-21,1509130
2023-05-22,1689935
2023-05-23,1757638
2023-05-24,1734155
2023-05-25,1668690
2023-05-26,1630131
2023-05-27,1524750
2023-05-28,1533901
2023-05-29,1628819
2023-05-30,1875581
2023-05-31,1978121
2023-06-01,2021792
2023-06-02,2035065
2023-06-03,1921401
2023-06-04,1799319
2023-06-05,1869197
2023-06-06,1860362
2023-06-07,1825638
2023-06-08,1791824
2023-06-09,1794534
2023-06-10,1730633
2023-06-11,1603630
2023-06-12,1710991
2023-06-13,1762477
2023-06-14,1850841
2023-06-15,1884447
2023-06-16,1811340
2023-06-17,1768043
2023-06-18,1747820
2023-06-19,1994298
2023-06-20,2060644
2023-06-21,2078065
2023-06-22,2042713
2023-06-23,2007769
2023-06-24,1966252
2023-06-25,1941630
2023-06-26,1942446
2023-06-27,1968040
2023-06-28,2015597
2023-06-29,2107548
2023-06-30,2156426
2023-07-01,1990493
2023-07-02,1906554
2023-07-03,2008763
2023-07-04,1976071
2023-07-05,2102122
2023-07-06,2003988
2023-07-07,1929899
2023-07-08,1804030
2023-07-09,1777515
2023-07-10,2040966
2023-07-11,2064176
2023-07-12,2017228
2023-07-13,2058970
2023-07-14,2128401
2023-07-15,1957929
2023-07-16,1862959
2023-07-17,1959305
2023-07-18,1996366
2023-07-19,2091495
2023-07-20,2129387
2023-07-21,2016341
2023-07-22,1900435
2023-07-23,1877663
2023-07-24,2120990
2023-07-25,2223953
2023-07-26,2235673
2023-07-27,2327438
2023-07-28,2313540
2023-07-29,2066746
2023-07-30,1957345
2023-07-31,2058116
2023-08-01,2092654
2023-08-02,2140935
2023-08-03,2229560
2023-08-04,2217462
2023-08-05,2031435
2023-08-06,1907554
2023-08-07,2015690
2023-08-08,2045876
2023-08-09,2046641
2023-08-10,2088710
2023-08-11,2119241
2023-08-12,2028241
2023-08-13,1919500
2023-08-14,2003022
2023-08-15,1927985
2023-08-16,1949675
2023-08-17,1928516
2023-08-18,1909474
2023-08-19,1945503
2023-08-20,2106590
2023-08-21,2252161
2023-08-22,2291934
2023-08-23,2412280
2023-08-24,2434714
2023-08-25,2306209
2023-08-26,1991594
2023-08-27,1828829
2023-08-28,1937662
2023-08-29,1961285
2023-08-30,1888359
2023-08-31,1849250
2023-09-01,1879164
2023-09-02,1891683
2023-09-03,1995765
2023-09-04,2089178
2023-09-05,2211700
2023-09-06,2078973
2023-09-07,1917550
2023-09-08,1797288
2023-09-09,1677034
2023-09-10,1655347
2023-09-11,1770285
2023-09-12,1756995
2023-09-13,1708104
2023-09-14,1701243
2023-09-15,1713383
2023-09-16,1619772
2023-09-17,1590384
2023-09-18,1702694
2023-09-19,1741553
2023-09-20,1790328
2023-09-21,1860201
2023-09-22,1845962
2023-09-23,1732664
2023-09-24,1674466
2023-09-25,1808342
2023-09-26,1813180
2023-09-27,1789165
2023-09-28,1782564
2023-09-29,1785433
2023-09-30,1738495
2023-10-01,1744906
2023-10-02,1868919
2023-10-03,1870353
2023-10-04,1806094
2023-10-05,1697841
2023-10-06,1601392
2023-10-07,1440032
2023-10-08,1414428
2023-10-09,1556890
2023-10-10,1588571
2023-10-11,1579778
2023-10-12,1585002
2023-10-13,1602034
2023-10-14,1463666
2023-10-15,1416204
2023-10-16,1554633
2023-10-17,1578583
2023-10-18,1579414
2023-10-19,1591992
2023-10-20,1582363
2023-10-21,1491742
2023-10-22,1478055
2023-10-23,1616724
2023-10-24,1649995
2023-10-25,1659830
2023-10-26,1670197
2023-10-27,1669182
2023-10-28,1547138
2023-10-29,1543436
2023-10-30,1669323
2023-10-31,1748032
2023-11-01,1764129
2023-11-02,1733554
2023-11-03,1650612
2023-11-04,1508272
2023-11-05,1548812
2023-11-06,1601958
2023-11-07,1632451
2023-11-08,1661539
2023-11-09,1621483
2023-11-10,1610906
2023-11-11,1532284
2023-11-12,1490210
2023-11-13,1602776
2023-11-14,1628305
2023-11-15,1613550
2023-11-16,1602995
2023-11-17,1591491
2023-11-18,1523612
2023-11-19,1517278
2023-11-20,1656937
2023-11-21,1673857
2023-11-22,1671813
2023-11-23,1536260
2023-11-24,1566224
2023-11-25,1596846
2023-11-26,1618830
2023-11-27,1839796
2023-11-28,1883220
2023-11-29,1826531
2023-11-30,1757861
2023-12-01,1701855
2023-12-02,1614327
2023-12-03,1591554
2023-12-04,1739433
2023-12-05,1783985
2023-12-06,1783570
2023-12-07,1746962
2023-12-08,1664299
2023-12-09,1552863
2023-12-10,1644989
2023-12-11,1843827
2023-12-12,1829008
2023-12-13,1810646
2023-12-14,1760334
2023-12-15,1703643
2023-12-16,1601638
2023-12-17,1608895
2023-12-18,1816875
2023-12-19,1881506
2023-12-20,1807565
2023-12-21,1752287
2023-12-22,1653623
2023-12-23,1513620
2023-12-24,1441011
2023-12-25,1417634
2023-12-26,1584657
2023-12-27,1690006
2023-12-28,1749135
2023-12-29,1750694
2023-12-30,1685056
2023-12-31,1651806
